{
  "globals": {
    "Component": true,
    "ComponentPublicInstance": true,
    "ComputedRef": true,
    "EffectScope": true,
    "ElAlert": true,
    "ElMessage": true,
    "ElMessageBox": true,
    "ElNotification": true,
    "ElPopover": true,
    "ExtractDefaultPropTypes": true,
    "ExtractPropTypes": true,
    "ExtractPublicPropTypes": true,
    "InjectionKey": true,
    "PropType": true,
    "Ref": true,
    "STORAGE_TYPES": true,
    "VNode": true,
    "VxeGridProps": true,
    "VxePagerEvents": true,
    "WritableComputedRef": true,
    "acceptHMRUpdate": true,
    "casHandleChange": true,
    "closeElLoading": true,
    "computed": true,
    "createApp": true,
    "createPinia": true,
    "customRef": true,
    "defineAsyncComponent": true,
    "defineComponent": true,
    "defineStore": true,
    "deleteItem": true,
    "effectScope": true,
    "elConfirm": true,
    "elConfirmNoCancelBtn": true,
    "elLoading": true,
    "elMessage": true,
    "elNotify": true,
    "getActivePinia": true,
    "getCurrentInstance": true,
    "getCurrentScope": true,
    "getItem": true,
    "h": true,
    "i18n": true,
    "inject": true,
    "isProxy": true,
    "isReactive": true,
    "isReadonly": true,
    "isRef": true,
    "mapActions": true,
    "mapEnumToOptions": true,
    "mapGetters": true,
    "mapState": true,
    "mapStores": true,
    "mapWritableState": true,
    "markRaw": true,
    "nextTick": true,
    "onActivated": true,
    "onBeforeMount": true,
    "onBeforeRouteLeave": true,
    "onBeforeRouteUpdate": true,
    "onBeforeUnmount": true,
    "onBeforeUpdate": true,
    "onDeactivated": true,
    "onErrorCaptured": true,
    "onMounted": true,
    "onRenderTracked": true,
    "onRenderTriggered": true,
    "onScopeDispose": true,
    "onServerPrefetch": true,
    "onUnmounted": true,
    "onUpdated": true,
    "provide": true,
    "reactive": true,
    "readonly": true,
    "ref": true,
    "request": true,
    "resolveComponent": true,
    "setActivePinia": true,
    "setItem": true,
    "setMapStoreSuffix": true,
    "shallowReactive": true,
    "shallowReadonly": true,
    "shallowRef": true,
    "storeToRefs": true,
    "toRaw": true,
    "toRef": true,
    "toRefs": true,
    "toValue": true,
    "triggerRef": true,
    "unref": true,
    "useAttrs": true,
    "useCommonStore": true,
    "useCssModule": true,
    "useCssVars": true,
    "useElement": true,
    "useI18n": true,
    "useLink": true,
    "useRoute": true,
    "useRouter": true,
    "useSlots": true,
    "watch": true,
    "watchEffect": true,
    "watchPostEffect": true,
    "watchSyncEffect": true,
    "handleClearValidate": true,
    "MktBaseResponse": true,
    "isEmpty": true,
    "omit": true,
    "pick": true,
    "service": true,
    "startCase": true,
    "toLower": true,
    "useReportVouchers": true,
    "useActivitys": true,
    "useActivityOptions": true,
    "useReportVoucherOptions": true
  }
}
